{"train_loss": [0.004355514155966895, 0.004116742525781904, 0.004008447591747556, 0.003952272034117154, 0.0038987627519028525], "train_acc": [37.339285714285715, 44.42857142857143, 48.19642857142857, 49.42857142857143, 50.05357142857143], "test_loss": [0.004702923595905304, 0.004567223340272903, 0.004519664645195007, 0.0043901968002319335, 0.004376613050699234], "test_acc": [37.1875, 43.875, 47.0625, 50.4375, 48.875]}