{"train_loss": [0.11198042755680425, 0.10310994451067278, 0.08985367422391262, 0.08092081369566066, 0.073677319043449], "train_acc": [59.232142857142854, 62.535714285714285, 68.98214285714286, 71.10714285714286, 74.28571428571429], "test_loss": [0.004169656857848167, 0.0037659696489572526, 0.003144592046737671, 0.0029133854806423186, 0.0028665777295827865], "test_acc": [61.75, 66.25, 74.25, 74.875, 75.125]}