{"train_loss": [0.11736541977950504, 0.10597877491797719, 0.09478179288761956, 0.08808808477329357, 0.08269580520689487], "train_acc": [53.982142857142854, 60.357142857142854, 65.30357142857143, 68.57142857142857, 70.94642857142857], "test_loss": [0.004302518367767334, 0.003795951306819916, 0.0037957919389009476, 0.003265487551689148, 0.003239366188645363], "test_acc": [60.0, 67.25, 64.625, 72.375, 70.5]}