{"train_loss": [0.015119682678154537, 0.01336983927658626, 0.012732778478946005, 0.01237589704138892, 0.012018068730831145], "train_acc": [53.160714285714285, 61.30357142857143, 63.910714285714285, 64.58928571428571, 66.32142857142857], "test_loss": [0.004819239675998688, 0.004328281208872795, 0.004629644677042961, 0.004563948512077332, 0.004197926595807076], "test_acc": [52.0, 58.125, 55.75, 54.0, 59.25]}