{"train_loss": [0.11361650742058244, 0.10575748697455441, 0.09878758969051497, 0.08938315861725381, 0.08007169860548206], "train_acc": [56.25, 60.32142857142857, 64.17857142857143, 67.85714285714286, 71.5], "test_loss": [0.004282090812921524, 0.00454993799328804, 0.004088476374745369, 0.003657981529831886, 0.002910601794719696], "test_acc": [56.75, 59.375, 63.125, 67.625, 75.0]}