{"train_loss": [0.11608818835977996, 0.1068402468945299, 0.09524155031889676, 0.08730942540402924, 0.08354955076905234], "train_acc": [55.44642857142857, 60.535714285714285, 65.94642857142857, 68.58928571428571, 70.75], "test_loss": [0.004328929930925369, 0.004082225859165191, 0.0035969842970371246, 0.0031278227269649506, 0.003251985237002373], "test_acc": [59.125, 60.125, 67.875, 73.375, 69.875]}