{"train_loss": [0.11356245361800704, 0.09738519372152431, 0.08501657420503242, 0.0794940411166421, 0.07389517133257219], "train_acc": [56.55357142857143, 64.875, 69.625, 71.67857142857143, 73.71428571428571], "test_loss": [0.004170846641063691, 0.0035731349885463714, 0.0029327503591775896, 0.0030299589037895204, 0.002771305814385414], "test_acc": [58.75, 67.625, 74.75, 72.125, 75.25]}