{"train_loss": [0.11187925229115145, 0.0964300980232656, 0.08547224696725607, 0.07199634215395366, 0.05568259654300554], "train_acc": [57.67857142857143, 64.64285714285714, 70.125, 76.51785714285714, 82.78571428571429], "test_loss": [0.004130343124270439, 0.003982928767800331, 0.0038458900898694992, 0.004068351238965988, 0.0042390964180231095], "test_acc": [60.875, 65.5, 67.25, 65.625, 65.375]}